region_id,aoi_id,aoi_type,accept_gps_lng,accept_gps_lat,delivery_gps_lng,delivery_gps_lat,accept_hour,accept_dayofweek,delivery_duration_min,cluster_kmeans,cluster_dbscan,cluster_hc
105,33550,1,106.6362,29.73388,106.61059,29.70324,17,3,10.0,9,0,2
160,49535,1,106.50669,29.58785,106.52709,29.59154,14,2,48.0,11,1,4
24,22578,1,106.49852,29.63983,106.49858,29.63501,13,4,47.0,32,2,4
103,53095,1,106.48622,29.50502,106.49818,29.50193,8,4,91.0,31,3,10
133,37125,1,106.51857,29.57836,106.53419,29.55274,14,1,107.0,29,1,4
155,23111,1,106.55276,29.57864,106.5562,29.58322,19,5,27.0,7,1,5
70,37886,1,106.50892,29.37959,106.52288,29.37109,14,3,94.0,6,4,0
24,49302,0,106.49856,29.63982,106.49936,29.61535,14,1,80.0,32,2,4
74,2298,14,106.48154,29.54512,106.4916,29.52058,14,0,76.0,18,5,10
155,26710,0,106.55286,29.57869,106.55732,29.57705,14,5,25.0,7,1,5
152,30239,12,108.38297,31.16358,108.44193,31.17929,8,0,111.0,-1,-1,14
160,49177,1,106.50663,29.58772,106.51875,29.59419,14,0,59.0,11,1,4
123,30459,14,106.34035,29.62964,106.35134,29.64821,14,3,120.0,14,18,6
116,40133,1,106.29026,29.59231,106.32076,29.58498,14,6,42.0,5,6,6
166,55461,1,106.54387,29.48814,106.51849,29.52223,14,4,37.0,26,7,10
141,3807,1,106.62125,29.66287,106.61111,29.69195,13,1,97.0,19,8,2
107,21804,1,106.55593,29.50937,106.57236,29.51126,14,0,113.0,2,9,10
74,55880,1,106.48286,29.54312,106.47676,29.54026,13,1,55.0,18,5,10
155,55139,1,106.55285,29.57859,106.56398,29.58097,8,1,86.0,7,1,5
133,32257,1,106.51841,29.57816,106.51566,29.56446,14,6,86.0,29,1,4
105,28002,1,106.63518,29.73243,106.60556,29.71815,13,0,87.0,9,0,2
127,35027,0,106.57867,29.5505,106.58085,29.55704,8,6,56.0,22,10,5
148,6744,1,106.45438,29.54891,106.44128,29.5096,17,3,7.0,0,13,10
130,36026,1,106.54189,29.58528,106.53951,29.58344,15,1,40.0,7,1,5
160,21710,1,106.50654,29.58772,106.5136,29.59314,9,5,60.0,11,1,4
107,48336,1,106.55603,29.50946,106.55198,29.50695,13,6,60.0,2,9,10
160,37776,1,106.50655,29.58784,106.52949,29.59775,13,2,113.0,11,1,4
158,42645,1,106.52133,29.62356,106.51291,29.64956,13,6,45.0,15,11,4
149,59301,1,106.57827,29.52728,106.57678,29.52591,16,1,55.0,35,12,5
105,22251,1,106.63508,29.73244,106.65272,29.78236,8,2,78.0,9,-1,2
158,15473,1,106.52125,29.62366,106.53091,29.62991,8,5,29.0,15,11,4
148,5902,1,106.45427,29.54892,106.45906,29.53459,13,5,55.0,0,13,10
148,31937,1,106.45426,29.54814,106.44845,29.56202,17,3,4.0,0,13,10
40,57816,1,106.50125,29.53614,106.5069,29.54069,14,5,81.0,38,5,10
116,45940,1,106.29023,29.59221,106.28414,29.58688,14,2,38.0,5,6,6
158,15074,1,106.52133,29.62351,106.53275,29.6438,13,5,56.0,15,11,4
148,55788,14,106.45439,29.54895,106.4631,29.55098,15,0,51.0,0,13,10
160,3904,1,106.50659,29.58772,106.50242,29.60411,14,4,18.0,11,1,4
103,28752,14,106.48639,29.50506,106.48824,29.49033,8,4,104.0,31,3,10
149,23690,0,106.57932,29.53146,106.55987,29.53634,14,5,32.0,35,12,5
166,53197,1,106.54377,29.48817,106.51339,29.52296,13,1,74.0,26,7,10
127,54098,0,106.57865,29.55047,106.5722,29.55814,13,4,45.0,22,10,5
105,50684,1,106.63504,29.73243,106.61284,29.71452,13,3,56.0,9,0,2
15,9426,1,106.39341,29.79565,106.40002,29.80042,13,6,58.0,3,14,11
160,19800,1,106.50662,29.58773,106.53158,29.60061,14,0,63.0,11,1,4
107,51317,1,106.556,29.50933,106.56894,29.51284,20,0,0.0,2,9,10
110,26978,14,106.49786,29.5735,106.48137,29.56987,15,6,81.0,37,1,4
103,35990,14,106.4863,29.50529,106.48812,29.43897,14,4,90.0,20,-1,10
158,57649,1,106.52135,29.62353,106.52732,29.64435,13,4,117.0,15,11,4
104,56916,1,106.25798,29.977,106.24263,29.99858,11,0,103.0,10,21,12
139,8540,1,106.64368,29.47362,106.65828,29.49563,14,1,74.0,13,15,0
133,2722,1,106.51842,29.57811,106.51691,29.5699,14,0,27.0,29,1,4
141,22279,14,106.62127,29.66285,106.60548,29.67369,14,3,88.0,19,8,2
141,48766,1,106.62127,29.66281,106.61568,29.66225,13,4,90.0,19,8,2
141,42606,1,106.62127,29.6629,106.60028,29.68439,15,1,63.0,19,8,2
123,37190,1,106.34032,29.62979,106.37419,29.57439,14,1,108.0,14,18,6
160,20423,1,106.50667,29.58786,106.49977,29.60801,16,6,7.0,11,1,4
40,19156,1,106.50115,29.53616,106.52285,29.53141,15,4,111.0,38,5,10
148,51353,14,106.45424,29.5482,106.43878,29.54562,9,0,97.0,0,13,10
127,17825,3,106.57853,29.55048,106.55433,29.55508,14,3,36.0,22,10,5
107,12384,1,106.55594,29.50946,106.57091,29.50891,14,3,46.0,2,9,10
147,25808,1,106.60046,29.58032,106.59817,29.58007,16,4,62.0,27,16,5
166,39197,1,106.54378,29.48806,106.51241,29.52535,14,5,97.0,26,7,10
153,6425,1,106.56423,29.67272,106.53753,29.65429,14,3,62.0,1,17,2
70,39182,1,106.50591,29.37923,106.53935,29.40731,15,6,22.0,6,4,0
159,41529,1,106.4398,29.43448,106.44446,29.43449,14,1,67.0,23,-1,0
147,22307,1,106.60044,29.58045,106.60743,29.59861,14,2,62.0,27,16,5
133,17371,1,106.51843,29.57812,106.52469,29.56292,14,5,87.0,29,1,4
133,3889,1,106.51833,29.57823,106.50533,29.58117,14,1,78.0,29,1,4
159,32797,1,106.43979,29.43454,106.44057,29.44352,11,5,1.0,23,-1,0
160,30164,1,106.50666,29.58776,106.51073,29.58979,15,4,1.0,11,1,4
166,56967,1,106.54381,29.48804,106.51389,29.50568,13,4,111.0,26,7,10
155,38030,1,106.55289,29.57864,106.57298,29.58309,15,5,75.0,7,1,5
123,1480,1,106.34032,29.62977,106.31215,29.60209,14,6,60.0,14,18,6
127,43500,14,106.57856,29.55049,106.5835,29.55522,13,6,40.0,22,10,5
116,42209,1,106.29012,29.59236,106.32025,29.58559,14,1,36.0,5,6,6
148,28634,1,106.45425,29.54829,106.4509,29.55815,14,2,74.0,0,13,10
40,14802,14,106.50138,29.53625,106.51436,29.5299,15,6,90.0,38,5,10
40,8826,1,106.50129,29.53609,106.50564,29.53833,8,2,44.0,38,5,10
116,24828,1,106.29012,29.59226,106.28299,29.57937,16,3,21.0,5,6,6
132,44330,1,106.53612,29.4584,106.51991,29.47458,13,3,51.0,17,19,0
112,357,1,105.88404,29.35864,105.88886,29.35308,8,2,84.0,4,-1,8
70,9526,1,106.50606,29.37926,106.53087,29.38176,14,2,17.0,6,4,0
123,6659,1,106.34032,29.6297,106.35886,29.61846,14,6,17.0,14,18,6
160,29514,1,106.50663,29.58774,106.53497,29.59089,11,3,1.0,11,1,4
153,13817,1,106.56428,29.67261,106.53051,29.65352,14,5,108.0,1,17,2
109,35086,1,106.44477,29.59848,106.44692,29.59432,15,4,11.0,25,20,4
123,37237,1,106.34024,29.62978,106.33845,29.63053,14,2,95.0,14,18,6
141,31476,1,106.62138,29.6629,106.59674,29.67813,13,3,81.0,19,8,2
127,59563,14,106.57877,29.55053,106.51709,29.54969,14,3,71.0,22,10,5
74,46251,1,106.48151,29.54526,106.47538,29.53282,15,6,67.0,18,5,10
107,1273,1,106.55592,29.50938,106.57842,29.50607,13,6,48.0,2,9,10
155,20104,1,106.5528,29.57853,106.57957,29.61469,14,5,98.0,7,1,5
107,56027,1,106.55599,29.50936,106.54206,29.52164,15,3,5.0,2,9,10
149,46985,1,106.57835,29.52725,106.57648,29.51999,13,3,118.0,35,12,5
155,33517,1,106.55275,29.57851,106.54301,29.59579,8,1,104.0,7,1,5
123,37094,1,106.34036,29.6297,106.36729,29.61619,14,3,63.0,14,18,6
158,31635,14,106.52139,29.62368,106.53011,29.6425,11,1,89.0,15,11,4
104,36443,1,106.25793,29.97704,106.22694,30.01048,9,1,91.0,10,21,12
160,25411,1,106.50653,29.58777,106.5162,29.59229,15,2,76.0,11,1,4
110,29583,1,106.49779,29.57346,106.48638,29.56399,14,6,56.0,37,1,4
153,16254,1,106.56439,29.67263,106.56224,29.65045,13,4,81.0,1,17,2
160,63,0,106.50659,29.58788,106.52313,29.59913,14,2,24.0,11,1,4
155,2410,1,106.55276,29.57859,106.56069,29.59243,14,4,81.0,7,1,5
104,8250,1,106.25802,29.97698,106.28174,29.97478,12,6,87.0,10,21,12
142,8869,14,106.45358,29.73588,106.45896,29.71808,7,1,60.0,21,-1,11
147,32460,1,106.60033,29.58041,106.60025,29.59664,14,5,114.0,27,16,5
105,13247,1,106.63511,29.73252,106.6044,29.71632,13,2,81.0,9,0,2
166,22315,1,106.54383,29.4881,106.52417,29.52525,14,6,75.0,26,7,10
110,3861,7,106.49772,29.57354,106.48855,29.56943,14,2,45.0,37,1,4
155,57661,0,106.55271,29.57865,106.57929,29.57327,15,6,83.0,7,1,5
149,16479,1,106.57834,29.52725,106.55801,29.52986,14,5,116.0,35,12,5
123,31824,1,106.34033,29.62964,106.35604,29.61648,8,4,61.0,14,18,6
133,35192,1,106.51841,29.57812,106.54131,29.5679,14,4,94.0,29,1,4
127,14181,14,106.57871,29.55053,106.55659,29.56638,10,2,93.0,22,10,5
149,37777,1,106.5783,29.5272,106.58192,29.53628,14,5,37.0,35,12,5
74,55880,1,106.48278,29.54324,106.47444,29.54055,14,4,63.0,18,5,10
70,28185,1,106.5276,29.37826,106.53244,29.3817,8,2,46.0,6,4,0
139,46012,1,106.64374,29.47379,106.65226,29.51784,14,5,83.0,13,15,0
148,42234,4,106.45425,29.54902,106.44792,29.53968,14,4,66.0,0,13,10
131,31627,14,106.21011,29.55465,106.14921,29.332,11,5,103.0,24,-1,6
155,41821,1,106.55288,29.57867,106.55483,29.57703,14,0,82.0,7,1,5
160,56071,1,106.50659,29.58782,106.52216,29.60352,14,3,78.0,11,1,4
166,53197,1,106.54387,29.48804,106.51323,29.52358,13,0,58.0,26,7,10
110,6951,1,106.4978,29.57352,106.4866,29.59058,13,4,28.0,37,1,4
160,41911,14,106.50653,29.58788,106.50631,29.58486,14,6,48.0,11,1,4
127,28635,1,106.57867,29.5504,106.58028,29.55396,14,0,49.0,22,10,5
132,34303,1,106.5361,29.45835,106.53133,29.4661,13,5,56.0,17,19,0
70,7423,1,106.5276,29.37831,106.53837,29.39339,7,6,68.0,6,4,0
160,40341,1,106.50655,29.58772,106.50638,29.58668,12,4,0.0,11,1,4
74,4269,1,106.48154,29.54526,106.45479,29.51842,8,3,71.0,18,5,10
158,43373,1,106.52142,29.62355,106.53369,29.62636,9,2,69.0,15,11,4
141,11433,14,106.62138,29.66294,106.61103,29.68298,13,4,59.0,19,8,2
160,35336,1,106.50661,29.58771,106.53226,29.59263,20,0,1.0,11,1,4
133,41809,1,106.51833,29.57811,106.53338,29.56795,14,0,62.0,29,1,4
110,24142,0,106.49772,29.57345,106.49069,29.56966,14,6,17.0,37,1,4
147,22307,1,106.60038,29.58044,106.60758,29.602,15,4,106.0,27,16,5
153,55108,1,106.56436,29.67267,106.56079,29.65259,13,4,90.0,1,17,2
132,33793,1,106.53976,29.45747,106.53619,29.46716,14,2,58.0,17,19,0
133,5722,1,106.5184,29.57816,106.51086,29.55957,14,0,50.0,29,1,4
123,37237,1,106.34031,29.62966,106.33085,29.62478,16,0,108.0,14,18,6
105,6381,1,106.63623,29.73376,106.63379,29.7394,14,5,97.0,9,0,2
133,17371,1,106.51831,29.57818,106.52506,29.56275,9,0,91.0,29,1,4
141,24655,14,106.6212,29.66293,106.61146,29.67086,14,5,25.0,19,8,2
149,28425,1,106.57837,29.52721,106.57061,29.52161,15,3,97.0,35,12,5
11,8934,1,106.6699,29.60409,106.61635,29.62533,9,0,57.0,30,-1,5
160,40882,1,106.50652,29.5878,106.53837,29.5928,14,1,44.0,11,1,4
123,40218,14,106.34039,29.62964,106.3377,29.61165,14,4,27.0,14,18,6
105,23709,1,106.63621,29.73388,106.64373,29.74132,13,1,79.0,9,0,2
147,38336,1,106.60043,29.58035,106.5964,29.56799,14,0,95.0,27,16,5
109,52573,14,106.44463,29.59835,106.44984,29.61058,11,3,1.0,25,20,4
70,37886,1,106.509,29.37948,106.52669,29.3698,14,3,73.0,6,4,0
104,6059,14,106.25808,29.97698,106.25956,29.99454,9,5,31.0,10,21,12
141,43746,1,106.62135,29.66291,106.59934,29.67311,14,0,62.0,19,8,2
123,56670,1,106.3403,29.62979,106.30964,29.61475,14,6,94.0,14,18,6
155,47406,1,106.55287,29.57869,106.54896,29.60149,8,5,89.0,7,1,5
141,30815,14,106.6213,29.66298,106.61685,29.66395,13,1,24.0,19,8,2
74,19467,1,106.48151,29.5452,106.49946,29.53052,13,5,42.0,18,5,10
160,16944,1,106.50663,29.58779,106.52531,29.59732,14,4,119.0,11,1,4
132,43244,1,106.53989,29.45746,106.55868,29.45627,8,5,42.0,17,19,0
40,17970,1,106.50145,29.53626,106.50495,29.54149,14,3,86.0,38,5,10
132,35703,14,106.53617,29.45832,106.52915,29.46034,13,6,88.0,17,19,0
123,56670,1,106.34039,29.62969,106.30946,29.61424,14,2,33.0,14,18,6
107,32770,1,106.55593,29.50934,106.56835,29.50493,9,5,93.0,2,9,10
103,7562,7,106.48636,29.50506,106.48014,29.4799,14,4,72.0,31,3,10
153,9659,1,106.56433,29.67272,106.56635,29.64023,14,2,117.0,1,17,2
149,35099,1,106.57825,29.52723,106.55572,29.53396,16,2,106.0,35,12,5
139,8540,1,106.64377,29.47381,106.65951,29.49354,14,4,60.0,13,15,0
110,40780,1,106.49775,29.57354,106.48468,29.56232,14,1,81.0,37,1,4
148,26384,1,106.45423,29.54894,106.44298,29.55307,14,6,81.0,0,13,10
110,30289,1,106.49793,29.57355,106.49399,29.56919,14,4,76.0,37,1,4
141,11115,7,106.62129,29.66288,106.58451,29.6389,13,1,87.0,19,8,2
149,32140,14,106.57932,29.53137,106.5693,29.52286,15,6,74.0,35,12,5
160,42507,0,106.5066,29.58781,106.50623,29.61025,15,5,33.0,11,1,4
40,12039,1,106.50111,29.53609,106.52001,29.54255,14,0,61.0,38,5,10
130,14182,1,106.54182,29.58531,106.5412,29.58673,16,3,117.0,7,1,5
139,21122,1,106.64361,29.47384,106.65429,29.48701,9,2,106.0,13,15,0
132,16591,14,106.53971,29.45753,106.5426,29.45524,13,5,75.0,17,19,0
160,12736,14,106.50667,29.58788,106.51357,29.58383,14,1,104.0,11,1,4
158,13204,1,106.52128,29.62367,106.54523,29.62868,14,1,60.0,15,11,4
123,27428,1,106.34031,29.62971,106.31979,29.61469,14,3,29.0,14,18,6
133,32257,1,106.51844,29.57824,106.51398,29.56269,9,5,95.0,29,1,4
110,41444,1,106.49786,29.57353,106.48375,29.57015,14,1,51.0,37,1,4
160,1350,1,106.50669,29.58782,106.50746,29.58726,15,6,6.0,11,1,4
123,42407,1,106.34037,29.62961,106.33935,29.62147,15,2,90.0,14,18,6
141,6991,1,106.62125,29.66297,106.60231,29.68663,13,1,62.0,19,8,2
112,55627,14,105.8841,29.35874,105.94545,29.37431,9,4,111.0,4,-1,8
110,56748,1,106.49778,29.57351,106.50142,29.57197,16,3,83.0,37,1,4
155,8312,13,106.55284,29.57869,106.569,29.58722,9,4,91.0,7,1,5
103,57177,1,106.48635,29.50512,106.47609,29.51185,13,5,73.0,31,3,10
158,57649,1,106.5213,29.62357,106.52811,29.64212,13,3,79.0,15,11,4
153,40786,1,106.56435,29.67274,106.56015,29.64783,8,4,56.0,1,17,2
127,54626,1,106.57865,29.55047,106.58072,29.55218,16,5,1.0,22,10,5
155,16714,1,106.55275,29.57856,106.56273,29.60584,15,1,47.0,7,1,5
103,50677,1,106.48639,29.50526,106.48303,29.49215,13,0,90.0,31,3,10
15,59218,1,106.39341,29.79554,106.39362,29.80273,8,4,72.0,3,14,11
133,13132,14,106.51833,29.57829,106.51025,29.56022,13,3,35.0,29,1,4
155,8854,1,106.55274,29.57854,106.54209,29.59432,14,4,70.0,7,1,5
133,45493,1,106.51839,29.57825,106.50895,29.58114,15,0,45.0,29,1,4
130,2385,1,106.54181,29.58531,106.55379,29.59533,8,5,120.0,7,1,5
158,50237,1,106.52136,29.6236,106.54434,29.61887,13,6,57.0,15,11,4
158,4261,14,106.52127,29.62365,106.51542,29.63587,9,3,120.0,15,11,4
158,40803,1,106.52136,29.6236,106.51555,29.6461,13,5,50.0,15,11,4
149,23690,0,106.57821,29.52717,106.56181,29.53647,15,2,31.0,35,12,5
107,27999,1,106.55592,29.50943,106.55408,29.50582,13,0,0.0,2,9,10
160,8507,1,106.50655,29.58777,106.52659,29.60385,12,4,29.0,11,1,4
139,16795,4,106.64375,29.47361,106.64982,29.50804,14,4,33.0,13,15,0
166,37677,1,106.52754,29.49763,106.52341,29.53014,15,0,90.0,26,7,10
166,35677,1,106.52745,29.49756,106.52482,29.49601,14,5,36.0,26,7,10
155,31014,1,106.55273,29.57869,106.54582,29.57879,14,3,56.0,7,1,5
127,24309,1,106.57863,29.55041,106.54048,29.55656,13,2,89.0,22,10,5
104,26270,1,106.25797,29.97709,106.26641,29.99752,8,3,101.0,10,21,12
133,22418,1,106.51847,29.57815,106.54053,29.57253,14,2,86.0,29,1,4
105,59593,1,106.63502,29.73243,106.59351,29.72775,8,6,107.0,9,0,2
24,18553,1,106.49835,29.64008,106.49405,29.67819,13,0,35.0,32,2,4
133,16957,14,106.51853,29.57838,106.52407,29.56599,14,5,102.0,29,1,4
40,31533,14,106.50114,29.53611,106.51188,29.53558,16,1,104.0,38,5,10
105,57480,1,106.6351,29.73243,106.6267,29.73725,17,4,103.0,9,0,2
127,58205,7,106.57862,29.55057,106.58776,29.56518,8,2,120.0,22,10,5
141,22089,14,106.62112,29.66294,106.58689,29.6575,14,5,64.0,19,8,2
24,2032,14,106.49835,29.64003,106.49759,29.63649,14,6,118.0,32,2,4
148,51353,14,106.45425,29.549,106.44107,29.54914,8,0,38.0,0,13,10
141,35371,1,106.62132,29.66288,106.58398,29.65044,14,1,90.0,19,8,2
127,3324,1,106.57865,29.55044,106.57131,29.56053,13,2,83.0,22,10,5
147,31441,1,106.58977,29.58537,106.59604,29.55162,9,6,78.0,27,16,5
160,56071,1,106.50651,29.58786,106.5247,29.6026,16,1,3.0,11,1,4
160,8386,0,106.50666,29.58776,106.5143,29.60876,14,4,91.0,11,1,4
133,13132,14,106.51839,29.57818,106.51359,29.56474,8,2,41.0,29,1,4
127,32148,1,106.5786,29.55046,106.54915,29.54789,13,6,95.0,22,10,5
139,56151,1,106.64379,29.47366,106.65403,29.50479,14,0,65.0,13,15,0
105,14567,13,106.63506,29.7325,106.63193,29.73415,15,0,38.0,9,0,2
160,16944,1,106.50664,29.5878,106.52745,29.59696,14,0,78.0,11,1,4
110,3070,1,106.49774,29.57346,106.46547,29.59106,14,5,70.0,37,1,4
135,42681,7,107.74917,30.66354,107.77546,30.65279,7,4,97.0,-1,-1,7
153,116,1,106.56424,29.67274,106.55463,29.63895,8,5,30.0,1,17,2
127,28083,1,106.57872,29.55052,106.54381,29.5445,13,3,36.0,22,10,5
40,8826,1,106.50127,29.53604,106.50316,29.53781,14,4,98.0,38,5,10
155,32740,1,106.5528,29.57854,106.56292,29.58028,14,3,39.0,7,1,5
24,45860,1,106.49852,29.63991,106.50678,29.67092,13,3,91.0,32,2,4
110,45221,1,106.49781,29.57369,106.48764,29.59451,8,1,75.0,37,1,4
11,20763,1,106.66985,29.60405,106.5818,29.6213,12,2,86.0,30,-1,5
155,54371,14,106.55287,29.57862,106.57204,29.58027,15,2,60.0,7,1,5
149,38561,1,106.57937,29.53149,106.53962,29.52609,9,0,104.0,35,12,5
158,8562,1,106.52123,29.62354,106.5208,29.64778,13,3,60.0,15,11,4
107,33254,1,106.55607,29.50948,106.55424,29.51233,14,4,42.0,2,9,10
116,45370,1,106.29016,29.59221,106.29246,29.60181,17,3,27.0,5,6,6
150,24633,1,107.34923,29.69428,107.37682,29.71742,8,4,78.0,-1,-1,9
103,30440,1,106.48639,29.50527,106.48291,29.48712,15,3,62.0,31,3,10
160,49901,1,106.50664,29.58776,106.50018,29.60495,14,1,63.0,11,1,4
127,25355,1,106.57866,29.55033,106.54437,29.55676,14,3,48.0,22,10,5
24,58447,1,106.4985,29.63995,106.50451,29.6379,17,2,50.0,32,2,4
158,40803,1,106.5213,29.62352,106.51467,29.64398,14,1,5.0,15,11,4
142,33831,1,106.45349,29.73595,106.45837,29.71274,7,6,117.0,21,-1,11
106,42100,1,106.08041,29.84918,106.06049,29.83217,8,3,86.0,28,-1,12
40,58487,10,106.50141,29.53623,106.51563,29.53917,15,0,70.0,38,5,10
141,52706,1,106.62137,29.66286,106.61384,29.66551,14,3,120.0,19,8,2
139,22337,1,106.64365,29.4738,106.63959,29.48865,13,0,72.0,13,15,0
160,27721,1,106.50669,29.58787,106.50274,29.5851,19,2,1.0,11,1,4
160,44246,1,106.50664,29.58777,106.51742,29.59142,15,5,36.0,11,1,4
10,55298,1,108.71795,30.95628,108.72055,30.92014,8,3,89.0,-1,-1,3
110,26978,14,106.49784,29.57357,106.48162,29.56887,15,3,63.0,37,1,4
166,21968,1,106.5275,29.49752,106.51022,29.52313,14,3,54.0,26,7,10
24,45111,14,106.49857,29.63982,106.49891,29.63667,14,4,120.0,32,2,4
110,29373,1,106.49776,29.57341,106.48892,29.58506,14,5,116.0,37,1,4
158,38704,12,106.52138,29.62353,106.53506,29.62503,13,1,98.0,15,11,4
123,36038,14,106.34035,29.62978,106.35084,29.63177,8,3,93.0,14,18,6
139,37012,14,106.6437,29.47388,106.63696,29.47343,14,6,30.0,13,15,0
139,16881,14,106.64367,29.47365,106.66026,29.51108,15,3,51.0,13,15,0
110,51336,1,106.49781,29.57345,106.4931,29.59002,14,5,120.0,37,1,4
24,36010,14,106.4985,29.63997,106.47009,29.63349,14,5,114.0,32,2,4
24,47038,1,106.49842,29.63997,106.49258,29.67915,13,0,33.0,32,2,4
24,2032,14,106.49845,29.64,106.49714,29.63735,13,4,54.0,32,2,4
160,29514,1,106.50656,29.58776,106.53606,29.60417,18,4,1.0,11,1,4
166,56559,7,106.54374,29.48809,106.51855,29.51746,14,4,69.0,26,7,10
123,27428,1,106.34038,29.62971,106.31992,29.61539,14,2,25.0,14,18,6
153,48182,0,106.5643,29.67273,106.56803,29.637,14,6,53.0,1,17,2
107,38437,14,106.55603,29.50941,106.5707,29.51151,13,4,39.0,2,9,10
160,28716,1,106.50655,29.58784,106.51278,29.60912,13,1,77.0,11,1,4
155,1170,1,106.55286,29.57857,106.56711,29.58976,15,5,71.0,7,1,5
127,5492,1,106.5786,29.55032,106.54528,29.55695,13,1,44.0,22,10,5
132,55153,1,106.53616,29.45831,106.51364,29.47052,14,6,101.0,17,19,0
104,50350,1,106.25807,29.97722,106.25224,29.99754,8,2,82.0,10,21,12
148,45548,1,106.45429,29.549,106.45589,29.54409,13,6,73.0,0,13,10
153,33739,1,106.5644,29.67261,106.55769,29.6626,14,3,23.0,1,17,2
139,9422,1,106.64376,29.4737,106.64177,29.5088,14,1,112.0,13,15,0
141,30595,1,106.62123,29.66292,106.59642,29.68278,9,2,101.0,19,8,2
103,540,14,106.48632,29.5051,106.46966,29.47075,14,2,93.0,20,3,10
123,32641,1,106.34032,29.62965,106.31271,29.61068,14,6,53.0,14,18,6
123,37094,1,106.34034,29.6297,106.36949,29.61502,14,3,105.0,14,18,6
70,4808,1,106.50901,29.37959,106.54816,29.38904,8,5,89.0,6,4,0
155,49783,1,106.5528,29.57858,106.5783,29.61015,14,5,38.0,7,1,5
24,47604,14,106.49832,29.64004,106.46952,29.63371,14,2,116.0,32,2,4
110,43931,1,106.49782,29.57354,106.45863,29.59363,16,2,65.0,37,1,4
127,29095,1,106.57867,29.55054,106.58397,29.55627,11,4,76.0,22,10,5
132,14930,1,106.53988,29.45757,106.5486,29.43947,8,3,58.0,17,19,0
147,34744,14,106.60041,29.58032,106.60263,29.59182,14,2,87.0,27,16,5
154,4507,14,106.27501,29.24607,106.23193,29.27757,9,3,108.0,8,-1,1
158,13071,14,106.52135,29.62359,106.53229,29.64684,14,1,96.0,15,11,4
105,7161,1,106.63513,29.73251,106.63049,29.70842,8,6,94.0,9,0,2
166,35581,6,106.54379,29.48804,106.51417,29.51101,14,5,31.0,26,7,10
74,31935,0,106.48159,29.54522,106.49639,29.52384,14,0,110.0,18,5,10
105,39459,2,106.6351,29.73245,106.56772,29.68498,14,5,75.0,9,0,2
105,23756,14,106.63629,29.73386,106.6499,29.77883,8,4,88.0,9,0,2
139,19902,0,106.64362,29.47367,106.65484,29.49925,14,0,118.0,13,15,0
116,42209,1,106.29012,29.59225,106.31891,29.58568,16,5,23.0,5,6,6
107,17576,14,106.55604,29.50937,106.55705,29.49256,14,1,45.0,2,9,10
48,408,1,107.06387,29.83111,107.08556,29.86761,6,2,106.0,16,-1,9
141,30929,1,106.62116,29.66294,106.59959,29.6485,13,5,102.0,19,8,2
109,57960,1,106.44479,29.60015,106.44584,29.64446,14,0,111.0,25,20,4
149,50141,14,106.57827,29.52713,106.57141,29.52703,8,3,52.0,35,12,5
153,9659,1,106.5643,29.67277,106.5698,29.63594,14,2,59.0,1,17,2
132,50955,14,106.53611,29.45834,106.51189,29.44319,13,3,63.0,17,19,0
132,30469,1,106.53614,29.45836,106.5465,29.43258,14,1,48.0,17,19,0
159,1221,1,106.43974,29.43454,106.44332,29.45084,14,1,25.0,23,-1,0
147,20851,1,106.60038,29.58041,106.5948,29.59624,14,4,44.0,27,16,5
15,4012,1,106.39347,29.79552,106.39091,29.80171,8,5,71.0,3,14,11
15,37021,1,106.39359,29.79561,106.40291,29.81491,13,0,93.0,3,14,11
103,9261,14,106.48628,29.50528,106.49746,29.5121,17,0,65.0,31,3,10
107,51317,1,106.55593,29.50939,106.56926,29.51314,10,0,119.0,2,9,10
105,28977,1,106.63504,29.73248,106.64052,29.76911,15,6,10.0,9,0,2
148,55788,14,106.45422,29.54829,106.45309,29.54433,8,5,27.0,0,13,10
149,7242,1,106.57831,29.52715,106.57253,29.52919,15,4,73.0,35,12,5
145,51225,3,105.72985,29.69095,105.70958,29.69759,8,2,68.0,-1,-1,13
163,18386,14,108.46675,30.77502,108.3915,30.75756,8,4,118.0,-1,-1,3
160,21710,1,106.50653,29.58771,106.51405,29.59284,13,1,0.0,11,1,4
155,47406,1,106.55272,29.57868,106.54727,29.60088,15,3,101.0,7,1,5
15,52574,14,106.39342,29.7956,106.40042,29.80228,8,2,116.0,3,14,11
166,39197,1,106.54384,29.48817,106.51255,29.52333,8,4,95.0,26,7,10
147,2515,1,106.6004,29.58047,106.60197,29.5745,14,0,60.0,27,16,5
148,30784,3,106.45423,29.54816,106.43596,29.51758,14,3,87.0,0,13,10
153,33790,1,106.56433,29.67272,106.56708,29.65052,14,5,85.0,1,17,2
15,44596,1,106.39385,29.79583,106.38001,29.79279,17,0,1.0,3,14,11
127,43655,1,106.57867,29.55058,106.57917,29.5526,15,2,48.0,22,10,5
107,38559,14,106.55596,29.50937,106.56545,29.49015,8,5,116.0,2,9,10
104,26270,1,106.25795,29.97695,106.2646,29.99518,16,3,77.0,10,21,12
103,44807,1,106.48626,29.50515,106.47611,29.50197,9,5,52.0,31,3,10
110,25549,1,106.49772,29.57358,106.48465,29.59148,14,3,47.0,37,1,4
127,34202,1,106.57866,29.55031,106.5723,29.56036,14,1,91.0,22,10,5
158,15473,1,106.52142,29.6236,106.52928,29.63026,9,5,66.0,15,11,4
144,18772,1,106.68869,29.04343,106.68281,29.03272,8,3,113.0,12,-1,1
155,54371,14,106.55273,29.57856,106.57332,29.58005,15,5,115.0,7,1,5
153,21707,1,106.56434,29.67267,106.56448,29.64688,11,5,66.0,1,17,2
141,18454,1,106.62125,29.66292,106.6138,29.66559,13,3,81.0,19,8,2
141,22387,1,106.62124,29.66294,106.61841,29.66737,17,0,72.0,19,8,2
131,26425,1,106.2102,29.5547,106.22624,29.54834,8,1,72.0,24,-1,6
153,52285,1,106.56436,29.67277,106.57233,29.64454,15,1,52.0,1,17,2
160,15005,1,106.50669,29.58771,106.52522,29.61382,15,1,35.0,11,1,4
110,43931,1,106.49781,29.57348,106.45865,29.5916,14,2,44.0,37,1,4
155,46182,1,106.55273,29.57856,106.55414,29.58149,14,2,76.0,7,1,5
15,57824,1,106.39342,29.79563,106.40584,29.81725,19,6,43.0,3,14,11
166,44290,1,106.52756,29.49751,106.53815,29.49375,9,2,10.0,26,7,10
160,49177,1,106.50661,29.58785,106.5195,29.59217,8,3,97.0,11,1,4
40,59732,1,106.50128,29.53614,106.5225,29.53665,9,3,26.0,38,5,10
155,30525,1,106.55279,29.57852,106.55723,29.57483,14,2,101.0,7,1,5
132,33895,1,106.53606,29.45839,106.54993,29.43039,15,5,98.0,17,19,0
40,8826,1,106.50116,29.53606,106.50361,29.53934,15,2,8.0,38,5,10
104,9227,0,106.25798,29.97695,106.25826,29.99921,9,5,80.0,10,21,12
103,38882,1,106.48635,29.50512,106.49058,29.45368,14,4,31.0,20,3,10
160,4030,1,106.50665,29.58772,106.52836,29.58476,14,0,80.0,11,1,4
160,52406,1,106.50659,29.58772,106.51076,29.58971,17,1,0.0,11,1,4
149,38561,1,106.5783,29.52714,106.53914,29.52635,15,2,85.0,35,12,5
148,56928,1,106.4543,29.549,106.46895,29.54881,14,0,97.0,0,13,10
109,42267,14,106.44478,29.60012,106.45019,29.60243,16,4,20.0,25,20,4
139,13553,1,106.64372,29.4738,106.64695,29.51945,14,6,86.0,13,15,0
147,19781,14,106.60036,29.58035,106.58995,29.58585,14,0,67.0,27,16,5
24,18553,1,106.49853,29.63985,106.49598,29.67703,13,6,46.0,32,2,4
74,41121,1,106.48271,29.54329,106.48272,29.54038,8,4,103.0,18,5,10
133,35192,1,106.51841,29.5782,106.54091,29.56835,14,3,105.0,29,1,4
148,15425,14,106.45421,29.54898,106.44993,29.53018,8,2,84.0,0,13,10
24,42045,14,106.49854,29.63992,106.49148,29.63327,14,4,63.0,32,2,4
133,9086,1,106.51846,29.57823,106.52216,29.57588,10,2,55.0,29,1,4
74,4269,1,106.48165,29.54512,106.45454,29.5185,8,6,103.0,18,5,10
158,4261,14,106.5213,29.62361,106.51743,29.63839,9,5,104.0,15,11,4
132,41826,14,106.53971,29.45743,106.54923,29.42202,10,1,29.0,17,19,0
107,9838,1,106.55581,29.5094,106.55317,29.52109,13,0,98.0,2,9,10
155,20105,0,106.55281,29.57869,106.56662,29.56734,15,5,57.0,7,1,5
24,50428,1,106.49845,29.63982,106.48175,29.64004,8,1,111.0,32,2,4
157,25782,1,106.3022,29.58486,106.28766,29.60521,8,1,110.0,5,6,6
160,25973,1,106.50665,29.58782,106.51258,29.58876,14,2,111.0,11,1,4
10,42762,14,108.71811,30.95585,108.72006,30.95024,9,2,57.0,-1,-1,3
70,24931,1,106.52768,29.37833,106.53625,29.37874,8,4,66.0,6,4,0
139,26313,14,106.64364,29.4738,106.6556,29.53013,20,1,17.0,13,15,0
160,16944,1,106.50664,29.58781,106.52767,29.59593,8,4,119.0,11,1,4
132,22340,1,106.53616,29.45834,106.54676,29.43261,13,1,35.0,17,19,0
155,38030,1,106.55278,29.57864,106.57293,29.58267,10,4,39.0,7,1,5
110,40327,1,106.49784,29.57352,106.49583,29.56672,14,3,87.0,37,1,4
153,59693,1,106.56436,29.67267,106.56256,29.65382,14,3,99.0,1,17,2
132,55153,1,106.53612,29.4584,106.51512,29.4714,13,4,87.0,17,19,0
110,56748,1,106.49793,29.57357,106.50019,29.57158,13,1,69.0,37,1,4
153,24917,1,106.56435,29.67277,106.55422,29.65545,14,0,27.0,1,17,2
123,6317,1,106.34024,29.62972,106.37515,29.59291,14,3,46.0,14,18,6
160,15005,1,106.50659,29.58789,106.53668,29.59197,14,0,103.0,11,1,4
139,18525,14,106.64364,29.47388,106.64132,29.50803,14,6,111.0,13,15,0
139,11868,14,106.64377,29.47373,106.67178,29.508,8,5,116.0,13,15,0
136,44825,1,106.36638,29.48671,106.36499,29.54575,8,2,82.0,34,-1,10
74,14693,1,106.48159,29.54528,106.4656,29.51994,14,4,70.0,18,5,10
116,7319,1,106.29022,29.59222,106.30574,29.58801,19,5,10.0,5,6,6
132,25265,1,106.53617,29.4584,106.5133,29.47587,14,6,104.0,17,19,0
132,41538,1,106.53613,29.45845,106.54122,29.43633,13,3,101.0,17,19,0
160,41234,14,106.50657,29.58783,106.52131,29.61021,14,0,66.0,11,1,4
132,22340,1,106.53606,29.45837,106.54625,29.42871,13,0,62.0,17,19,0
155,18293,1,106.55273,29.57865,106.56117,29.5942,14,6,93.0,7,1,5
110,21882,1,106.49798,29.57361,106.48228,29.59186,9,2,60.0,37,1,4
110,18368,1,106.49779,29.57343,106.49581,29.56812,15,0,119.0,37,1,4
153,42717,14,106.56449,29.67272,106.55949,29.65613,15,5,34.0,1,17,2
15,4411,1,106.39345,29.79553,106.41214,29.80047,13,3,119.0,3,14,11
154,32263,1,106.27497,29.24595,106.23916,29.25935,9,4,60.0,8,-1,1
132,48076,1,106.53602,29.45838,106.5121,29.46081,8,5,31.0,17,19,0
155,41362,1,106.55283,29.57868,106.56561,29.58179,14,5,116.0,7,1,5
147,34744,14,106.60044,29.58042,106.59936,29.58753,16,4,38.0,27,16,5
158,31635,14,106.52138,29.62365,106.53047,29.64218,13,1,117.0,15,11,4
160,21710,1,106.50663,29.58788,106.51431,29.59546,9,3,95.0,11,1,4
155,2200,1,106.55282,29.57863,106.56056,29.60238,15,2,113.0,7,1,5
153,33739,1,106.56443,29.67269,106.55419,29.66195,14,0,71.0,1,17,2
132,33202,1,106.53617,29.45843,106.53399,29.45568,13,2,25.0,17,19,0
24,5524,1,106.49851,29.63995,106.47949,29.68925,13,6,45.0,32,2,4
155,20104,1,106.55277,29.57869,106.57772,29.61316,14,5,67.0,7,1,5
109,17089,4,106.44465,29.59847,106.4648,29.56547,14,6,71.0,25,-1,4
74,18557,1,106.48151,29.54529,106.47707,29.53159,14,2,74.0,18,5,10
107,50856,1,106.55587,29.50942,106.54708,29.5114,14,1,90.0,2,9,10
133,33155,1,106.51842,29.57822,106.50304,29.583,13,0,71.0,29,1,4
158,13039,1,106.52147,29.62355,106.54866,29.61787,7,6,76.0,15,11,4
148,34316,14,106.4542,29.54828,106.43917,29.56003,11,1,24.0,0,13,10
160,53120,1,106.50662,29.58781,106.53925,29.59547,14,4,58.0,11,1,4
145,20088,1,105.72997,29.69099,105.72034,29.68575,8,5,46.0,-1,-1,13
158,54811,1,106.52142,29.62363,106.53963,29.64247,14,4,36.0,15,11,4
132,30469,1,106.53615,29.45833,106.54653,29.43252,13,2,31.0,17,19,0
74,34728,1,106.48154,29.54524,106.45413,29.51753,14,1,21.0,18,5,10
160,20148,1,106.50662,29.58779,106.52871,29.58678,13,1,118.0,11,1,4
24,51972,1,106.49843,29.6399,106.4744,29.62332,14,6,57.0,32,2,4
105,22107,14,106.63516,29.73245,106.63243,29.75739,15,0,74.0,9,0,2
112,29295,1,105.88417,29.35872,105.93458,29.35442,8,1,63.0,4,-1,8
123,24751,1,106.34024,29.62963,106.30872,29.61413,14,3,91.0,14,18,6
109,34059,1,106.44463,29.60028,106.45541,29.6111,8,1,104.0,25,20,4
24,2032,14,106.49858,29.63998,106.49712,29.63748,13,0,59.0,32,2,4
149,38514,1,106.57837,29.52711,106.55211,29.52979,8,5,113.0,35,12,5
154,41596,1,106.27504,29.246,106.29292,29.25525,14,1,87.0,8,-1,1
133,2722,1,106.51851,29.57834,106.51611,29.56936,15,2,60.0,29,1,4
109,5308,1,106.44472,29.59841,106.45278,29.60599,14,1,66.0,25,20,4
109,17906,1,106.44462,29.60019,106.44293,29.60409,14,3,39.0,25,20,4
153,6266,1,106.56425,29.67271,106.55316,29.65328,7,2,111.0,1,17,2
158,15473,1,106.52122,29.6236,106.52927,29.62687,13,4,87.0,15,11,4
160,12557,1,106.5066,29.58772,106.49429,29.58374,11,1,1.0,11,1,4
123,56670,1,106.34035,29.6297,106.30953,29.61447,8,5,73.0,14,18,6
24,36010,14,106.49833,29.64007,106.47181,29.63359,13,6,79.0,32,2,4
148,35762,1,106.45417,29.54813,106.45944,29.5474,13,4,28.0,0,13,10
132,6365,14,106.53617,29.45834,106.53251,29.43737,13,0,81.0,17,19,0
158,2646,1,106.52135,29.62353,106.53093,29.64428,19,1,90.0,15,11,4
133,42401,14,106.5184,29.57825,106.51559,29.55898,14,6,79.0,29,1,4
103,33956,1,106.48634,29.50524,106.48983,29.50823,13,0,27.0,31,3,10
107,14990,1,106.55594,29.5094,106.54325,29.51707,14,5,113.0,2,9,10
109,25459,1,106.44467,29.59834,106.45534,29.65099,14,5,118.0,25,-1,4
160,3904,1,106.50668,29.58784,106.50497,29.61123,9,6,94.0,11,1,4
160,23933,1,106.50657,29.58786,106.5415,29.59192,14,0,102.0,11,1,4
70,28185,1,106.50602,29.37925,106.53255,29.37666,15,0,77.0,6,4,0
153,8605,0,106.56447,29.67273,106.54477,29.64312,8,3,24.0,1,17,2
155,9878,1,106.55283,29.57858,106.56318,29.59841,16,6,115.0,7,1,5
153,5017,1,106.56434,29.67268,106.56199,29.64715,14,5,40.0,1,17,2
139,19902,0,106.64377,29.47371,106.65562,29.50009,15,1,103.0,13,15,0
149,41236,14,106.57928,29.53145,106.53644,29.52234,9,0,17.0,35,12,5
106,35093,1,106.08048,29.84928,106.07817,29.84628,7,3,80.0,28,-1,12
155,26228,14,106.55281,29.57868,106.56781,29.58754,14,6,88.0,7,1,5
74,10663,1,106.48151,29.54525,106.45407,29.51805,20,0,67.0,18,5,10
142,40465,14,106.45341,29.73595,106.5515,29.78074,8,6,79.0,21,-1,11
148,44218,1,106.4543,29.54895,106.44851,29.55964,15,0,120.0,0,13,10
138,15311,14,108.35584,30.8195,108.34482,30.8273,8,4,33.0,-1,-1,3
109,37343,14,106.44474,29.59844,106.44945,29.57131,8,5,67.0,25,20,4
160,47952,2,106.50651,29.58775,106.51292,29.6114,14,5,108.0,11,1,4
158,41202,1,106.52135,29.62357,106.52556,29.63084,8,1,103.0,15,11,4
133,16181,1,106.5184,29.5782,106.52043,29.5785,8,5,56.0,29,1,4
105,37001,1,106.63517,29.73247,106.63445,29.73172,10,4,0.0,9,0,2
147,9218,14,106.58971,29.5854,106.60531,29.59174,9,0,40.0,27,16,5
155,24486,1,106.55273,29.57868,106.55987,29.58334,14,2,63.0,7,1,5
123,31824,1,106.3403,29.62973,106.35699,29.61583,14,1,69.0,14,18,6
155,54821,1,106.55278,29.57866,106.5737,29.58913,9,1,85.0,7,1,5
131,8137,14,106.21024,29.55478,106.23234,29.56277,7,4,45.0,24,-1,6
103,42353,14,106.4863,29.50529,106.48596,29.49482,14,6,44.0,31,3,10
160,58123,1,106.50664,29.58777,106.53659,29.5932,9,5,78.0,11,1,4
149,58105,1,106.57834,29.52726,106.58198,29.53922,9,2,72.0,35,12,5
160,35739,1,106.50668,29.58786,106.53996,29.59584,9,1,1.0,11,1,4
155,10815,4,106.55274,29.57854,106.55639,29.58274,14,4,46.0,7,1,5
127,55680,12,106.57856,29.5504,106.57156,29.54916,13,1,90.0,22,10,5
70,24931,1,106.50907,29.37943,106.53595,29.38032,10,1,12.0,6,4,0
153,55989,14,106.56437,29.67263,106.57149,29.63016,14,5,79.0,1,17,2
127,46097,14,106.57866,29.55031,106.54806,29.56572,15,2,114.0,22,10,5
74,26894,1,106.48272,29.54321,106.50497,29.52157,8,3,111.0,18,5,10
155,58553,1,106.55284,29.57857,106.56361,29.59142,9,6,105.0,7,1,5
139,31729,14,106.64375,29.4738,106.63705,29.46879,19,6,92.0,13,15,0
149,1203,1,106.57838,29.52727,106.57687,29.52948,13,5,20.0,35,12,5
132,37925,1,106.53979,29.45744,106.51831,29.47442,13,1,100.0,17,19,0
109,5308,1,106.44461,29.59838,106.45256,29.60421,8,6,82.0,25,20,4
132,14758,14,106.53618,29.45831,106.50541,29.4589,9,5,91.0,17,19,0
133,57462,0,106.51846,29.57825,106.52868,29.57513,9,2,68.0,29,1,4
153,47983,1,106.56422,29.67278,106.5641,29.67259,16,3,0.0,1,17,2
132,48880,1,106.53607,29.45847,106.50374,29.46309,13,6,70.0,17,19,0
147,3404,1,106.60031,29.58042,106.60045,29.58462,13,2,97.0,27,16,5
133,8212,1,106.51849,29.57821,106.53199,29.58358,9,1,41.0,29,1,4
74,38143,1,106.48159,29.54513,106.48503,29.51747,13,2,4.0,18,5,10
155,1063,0,106.55276,29.57861,106.57239,29.57576,15,5,118.0,7,1,5
40,53339,1,106.5014,29.53626,106.51678,29.54058,14,2,48.0,38,5,10
15,23049,1,106.39398,29.7958,106.41622,29.82764,14,1,52.0,3,14,11
40,24116,1,106.50115,29.53601,106.51581,29.53422,15,6,75.0,38,5,10
153,42238,1,106.56429,29.67264,106.53653,29.65303,7,6,43.0,1,17,2
149,10214,1,106.57834,29.52723,106.57251,29.53855,13,0,24.0,35,12,5
149,16057,1,106.57834,29.52728,106.57086,29.53351,15,1,97.0,35,12,5
147,30072,1,106.60049,29.58034,106.59516,29.58293,13,3,84.0,27,16,5
155,16714,1,106.55281,29.57859,106.56279,29.6064,15,5,45.0,7,1,5
155,47406,1,106.55272,29.57867,106.54694,29.60025,8,5,85.0,7,1,5
109,5308,1,106.44463,29.59838,106.45267,29.60423,14,4,48.0,25,20,4
158,20067,1,106.52139,29.62364,106.52236,29.64157,13,3,104.0,15,11,4
153,40786,1,106.56446,29.67261,106.5604,29.64812,8,0,62.0,1,17,2
147,22307,1,106.58961,29.58543,106.60674,29.60093,9,1,82.0,27,16,5
155,2200,1,106.55273,29.57863,106.56308,29.60408,16,4,77.0,7,1,5
103,8477,14,106.48634,29.50506,106.48704,29.48388,14,5,73.0,31,3,10
40,6082,1,106.50125,29.53605,106.51697,29.53595,15,2,53.0,38,5,10
133,51763,14,106.51831,29.57811,106.50419,29.57437,15,6,31.0,29,1,4
131,1436,1,106.21004,29.55474,106.22898,29.5552,8,3,44.0,24,-1,6
133,20905,0,106.51845,29.57823,106.53354,29.57019,14,6,45.0,29,1,4
149,59885,0,106.57922,29.53133,106.57186,29.5293,16,6,38.0,35,12,5
149,58105,1,106.57835,29.52714,106.58252,29.5406,14,4,100.0,35,12,5
110,40327,1,106.49784,29.57341,106.49827,29.57017,19,6,57.0,37,1,4
147,43507,1,106.5897,29.58549,106.59207,29.57395,11,2,17.0,27,16,5
74,8563,1,106.4828,29.54329,106.45592,29.51978,15,2,22.0,18,5,10
166,15651,1,106.54378,29.4881,106.52263,29.52571,19,3,7.0,26,7,10
110,39351,1,106.49773,29.57359,106.4899,29.57722,16,6,70.0,37,1,4
103,58738,14,106.48624,29.50526,106.49275,29.51424,14,1,88.0,31,3,10
133,56979,1,106.51844,29.57833,106.52454,29.56549,15,0,42.0,29,1,4
110,25549,1,106.49791,29.57358,106.48679,29.5927,14,3,53.0,37,1,4
159,50699,7,106.43988,29.4345,106.43917,29.43377,15,1,67.0,23,-1,0
149,32212,14,106.57837,29.52723,106.57028,29.5308,8,0,103.0,35,12,5
24,22578,1,106.49859,29.63986,106.49694,29.63506,14,0,18.0,32,2,4
40,2320,1,106.50132,29.53639,106.50323,29.54062,14,2,55.0,38,5,10
157,35875,1,106.30212,29.58488,106.30546,29.54925,9,6,22.0,5,-1,6
133,2722,1,106.51848,29.57836,106.51498,29.56806,8,2,27.0,29,1,4
123,23093,14,106.34022,29.62976,106.35775,29.61291,9,5,69.0,14,18,6
131,7744,14,106.21052,29.55468,106.23223,29.55574,8,1,50.0,24,-1,6
133,32257,1,106.5184,29.5782,106.51506,29.56434,18,0,62.0,29,1,4
105,20862,1,106.6351,29.73258,106.63254,29.7491,20,2,2.0,9,0,2
103,42109,0,106.48632,29.5052,106.47921,29.47582,14,5,109.0,31,3,10
166,4799,1,106.52758,29.49767,106.508,29.51253,15,3,62.0,26,7,10
112,21256,1,105.88513,29.3502,105.94717,29.35482,8,5,88.0,4,-1,8
154,27854,1,106.27507,29.24598,106.25151,29.27442,9,4,107.0,8,-1,1
24,18553,1,106.49844,29.63993,106.49508,29.67833,14,0,115.0,32,2,4
158,22694,1,106.52124,29.62362,106.51645,29.6161,11,1,7.0,15,11,4
123,34907,1,106.34023,29.62971,106.31067,29.57914,8,2,75.0,14,18,6
155,18293,1,106.55276,29.57865,106.56099,29.59478,8,0,88.0,7,1,5
133,35192,1,106.51847,29.57834,106.54274,29.56687,12,0,2.0,29,1,4
107,21798,1,106.55593,29.50945,106.55268,29.50577,11,1,0.0,2,9,10
103,1821,1,106.48622,29.50519,106.48015,29.4793,14,2,56.0,31,3,10
127,3469,0,106.57865,29.5504,106.573,29.55478,15,4,114.0,22,10,5
70,28185,1,106.50891,29.3795,106.5318,29.37723,15,5,45.0,6,4,0
149,16479,1,106.57834,29.52711,106.56117,29.53137,18,1,9.0,35,12,5
110,40327,1,106.49775,29.57346,106.49883,29.56852,13,3,114.0,37,1,4
155,55139,1,106.55275,29.57857,106.56379,29.58055,15,4,94.0,7,1,5
155,39860,1,106.55276,29.57869,106.57122,29.596,18,5,45.0,7,1,5
166,53197,1,106.5438,29.48819,106.51331,29.5217,14,2,59.0,26,7,10
166,23792,1,106.54374,29.48803,106.52789,29.49728,20,0,2.0,26,7,10
24,10969,1,106.49848,29.63994,106.50543,29.67244,14,1,112.0,32,2,4
127,56787,0,106.57867,29.55032,106.54657,29.5576,13,1,79.0,22,10,5
148,40132,4,106.45422,29.54816,106.4229,29.51554,14,5,80.0,0,13,10
147,10496,14,106.60038,29.58041,106.60023,29.57793,14,1,47.0,27,16,5
40,1435,1,106.50145,29.53629,106.51011,29.5396,14,0,60.0,38,5,10
160,23933,1,106.50651,29.58782,106.54084,29.59163,15,5,95.0,11,1,4
158,22694,1,106.52139,29.62367,106.51429,29.61432,9,5,66.0,15,11,4
158,15074,1,106.52131,29.6236,106.53429,29.64314,13,6,71.0,15,11,4
116,32693,1,106.29022,29.59235,106.31205,29.5903,14,1,79.0,5,6,6
149,14103,1,106.57934,29.53147,106.57183,29.53222,12,2,44.0,35,12,5
166,41208,1,106.52756,29.49759,106.50688,29.50945,11,2,3.0,26,7,10
133,35192,1,106.51833,29.57811,106.53979,29.56862,8,0,54.0,29,1,4
158,29713,1,106.52139,29.62352,106.54691,29.63821,8,0,105.0,15,11,4
160,14210,1,106.5066,29.58783,106.54949,29.59822,18,6,1.0,11,1,4
133,59542,1,106.51832,29.57829,106.52365,29.57207,15,2,58.0,29,1,4
158,42595,1,106.52127,29.6236,106.54305,29.63111,13,5,98.0,15,11,4
153,22255,14,106.56431,29.67276,106.57181,29.63972,14,3,25.0,1,17,2
15,23263,1,106.39342,29.79569,106.40245,29.81956,14,5,89.0,3,14,11
110,11743,14,106.49789,29.57356,106.48813,29.59428,14,3,83.0,37,1,4
123,37094,1,106.34035,29.62978,106.36935,29.61505,14,1,70.0,14,18,6
127,9920,7,106.57879,29.55059,106.5778,29.55893,13,6,73.0,22,10,5
158,8562,1,106.52121,29.62368,106.51973,29.64767,14,3,71.0,15,11,4
155,59,1,106.55276,29.57867,106.54759,29.58677,15,1,82.0,7,1,5
160,31754,1,106.50664,29.58776,106.52021,29.59266,11,5,1.0,11,1,4
155,20402,1,106.55271,29.57854,106.56087,29.57382,14,6,71.0,7,1,5
107,49424,4,106.55585,29.50937,106.54549,29.46805,21,4,0.0,2,9,10
139,43873,1,106.64368,29.47371,106.66258,29.50449,19,3,23.0,13,15,0
141,54690,1,106.62121,29.66292,106.60599,29.69072,13,6,60.0,19,8,2
40,57816,1,106.50111,29.53609,106.50523,29.5404,14,5,31.0,38,5,10
103,43759,1,106.48622,29.50517,106.47248,29.49721,13,5,43.0,31,3,10
139,13742,1,106.64371,29.47381,106.6505,29.4919,20,0,19.0,13,15,0
133,21041,1,106.51832,29.57815,106.51248,29.57947,15,0,70.0,29,1,4
139,12703,1,106.6437,29.47374,106.65597,29.50047,13,1,82.0,13,15,0
139,46401,1,106.64371,29.47375,106.63229,29.48879,14,1,49.0,13,15,0
107,35138,14,106.5559,29.50938,106.57707,29.50553,14,3,119.0,2,9,10
112,29295,1,105.88418,29.35873,105.93467,29.3543,9,3,73.0,4,-1,8
145,20371,1,105.7299,29.69094,105.71696,29.69294,8,3,70.0,-1,-1,13
153,22666,1,106.56425,29.67277,106.5685,29.66909,15,3,99.0,1,17,2
110,45221,1,106.49782,29.57341,106.48766,29.59458,14,6,103.0,37,1,4
123,46343,1,106.34029,29.62961,106.3735,29.59177,14,1,45.0,14,18,6
132,29165,1,106.53975,29.45742,106.5449,29.44477,8,6,120.0,17,19,0
109,1566,1,106.44471,29.59846,106.44239,29.6252,14,4,26.0,25,20,4
149,11836,1,106.57937,29.53146,106.5708,29.52987,9,3,70.0,35,12,5
132,52704,14,106.53984,29.45752,106.55338,29.45393,8,4,10.0,17,19,0
127,23174,1,106.57858,29.55032,106.58828,29.56152,13,5,111.0,22,10,5
132,35703,14,106.53986,29.45748,106.52991,29.45851,13,2,55.0,17,19,0
160,8716,0,106.50657,29.58787,106.52372,29.58941,14,1,117.0,11,1,4
107,49424,4,106.55597,29.50939,106.57278,29.49079,14,4,103.0,2,9,10
148,51353,14,106.45434,29.54908,106.4387,29.55278,14,5,1.0,0,13,10
154,49987,4,106.27507,29.24602,106.23745,29.26964,10,0,104.0,8,-1,1
133,44582,0,106.51837,29.57825,106.53664,29.57439,14,5,50.0,29,1,4
149,56823,1,106.5783,29.52714,106.56897,29.53352,14,3,107.0,35,12,5
155,55139,1,106.55288,29.57861,106.56459,29.58086,14,5,74.0,7,1,5
133,32257,1,106.51843,29.57829,106.51382,29.56307,14,0,60.0,29,1,4
141,36221,14,106.62132,29.66284,106.59091,29.64078,13,5,58.0,19,8,2
160,52530,1,106.50652,29.58788,106.49672,29.58923,14,6,27.0,11,1,4
123,8743,1,106.34036,29.62971,106.3376,29.61745,14,5,51.0,14,18,6
147,34744,14,106.60046,29.58046,106.5996,29.58759,9,1,79.0,27,16,5
40,35068,14,106.50115,29.53613,106.50939,29.55052,14,2,109.0,38,5,10
104,1651,1,106.25809,29.97701,106.24442,29.999,8,1,101.0,10,21,12
15,7763,1,106.39357,29.79558,106.40667,29.80251,13,2,69.0,3,14,11
132,43244,1,106.53987,29.45752,106.55859,29.45635,14,0,39.0,17,19,0
155,50730,1,106.55273,29.57859,106.55625,29.57812,16,6,96.0,7,1,5
139,6489,14,106.64367,29.47371,106.64406,29.51149,14,6,91.0,13,15,0
132,2922,1,106.53977,29.45756,106.50995,29.46659,13,4,43.0,17,19,0
105,12849,1,106.63509,29.73255,106.62792,29.72629,17,4,0.0,9,0,2
148,56928,1,106.45421,29.54903,106.46807,29.55037,8,4,108.0,0,13,10
155,55155,1,106.55286,29.57867,106.56258,29.58454,15,0,42.0,7,1,5
107,32770,1,106.55609,29.50942,106.571,29.50569,8,2,118.0,2,9,10
133,42888,1,106.51842,29.57828,106.52667,29.56219,8,3,109.0,29,1,4
160,11290,1,106.50651,29.58784,106.50473,29.60615,14,6,75.0,11,1,4
160,53315,1,106.5066,29.58785,106.52755,29.6011,9,1,56.0,11,1,4
130,47022,1,106.54191,29.58535,106.55209,29.59068,17,2,36.0,7,1,5
130,26242,1,106.54191,29.58536,106.54863,29.58876,8,6,61.0,7,1,5
112,49809,14,105.88518,29.35014,105.95115,29.35412,8,5,105.0,4,-1,8
132,50955,14,106.5398,29.45756,106.51526,29.44457,15,0,113.0,17,19,0
166,16762,14,106.52744,29.49767,106.52091,29.5083,14,2,92.0,26,7,10
150,59594,14,107.34926,29.69438,107.37905,29.70239,8,4,70.0,-1,-1,9
148,15809,1,106.45426,29.54895,106.46121,29.54882,13,0,75.0,0,13,10
139,53185,1,106.64369,29.4737,106.66225,29.51532,15,3,45.0,13,15,0
166,18811,4,106.52758,29.49767,106.54266,29.48759,14,1,106.0,26,7,10
70,39182,1,106.50607,29.3792,106.53929,29.40484,14,1,62.0,6,4,0
139,16973,2,106.64371,29.47379,106.65259,29.48055,14,5,30.0,13,15,0
153,52285,1,106.56422,29.67276,106.56979,29.64324,14,6,18.0,1,17,2
133,14258,0,106.51835,29.5782,106.53456,29.5749,14,2,89.0,29,1,4
139,9964,1,106.64361,29.47378,106.66544,29.52862,14,6,103.0,13,15,0
105,12696,14,106.63618,29.73378,106.62966,29.72472,16,2,51.0,9,0,2
155,32740,1,106.55278,29.57857,106.5641,29.58094,16,1,119.0,7,1,5
133,16857,6,106.51846,29.57824,106.52737,29.58184,14,6,82.0,29,1,4
148,26384,1,106.4543,29.54905,106.44166,29.55465,14,5,17.0,0,13,10
107,38559,14,106.55604,29.5094,106.56708,29.48782,16,6,14.0,2,9,10
127,7530,0,106.57865,29.5504,106.58409,29.56226,13,2,117.0,22,10,5
132,16414,14,106.53601,29.45844,106.5418,29.46006,15,2,7.0,17,19,0
166,57886,1,106.54388,29.48801,106.49888,29.49173,18,2,108.0,26,7,10
24,19084,1,106.49833,29.63997,106.5009,29.63527,13,2,52.0,32,2,4
163,25662,1,108.46678,30.775,108.45513,30.75781,13,6,29.0,-1,-1,3
105,48890,14,106.63507,29.73252,106.57613,29.72787,13,1,60.0,9,0,2
141,20068,1,106.62127,29.66292,106.61795,29.69042,14,4,62.0,19,8,2
149,1203,1,106.57831,29.52729,106.57861,29.52422,14,5,47.0,35,12,5
116,5042,1,106.29018,29.59239,106.27937,29.58243,14,3,54.0,5,6,6
132,30563,1,106.53982,29.45759,106.54501,29.44691,14,2,61.0,17,19,0
107,51317,1,106.55588,29.50932,106.57116,29.51327,8,3,75.0,2,9,10
130,36026,1,106.54196,29.58538,106.54267,29.58458,14,5,120.0,7,1,5
123,6317,1,106.34025,29.62968,106.37598,29.59273,14,1,40.0,14,18,6
70,28185,1,106.5276,29.37835,106.532,29.37818,14,2,44.0,6,4,0
107,20002,14,106.55592,29.50935,106.55205,29.52296,14,0,37.0,2,9,10
132,32790,1,106.53982,29.45741,106.514,29.46199,8,0,45.0,17,19,0
147,35350,1,106.60035,29.58033,106.59056,29.58548,15,0,49.0,27,16,5
40,52923,1,106.50142,29.53631,106.52743,29.53636,14,6,19.0,38,5,10
139,18124,1,106.64372,29.47372,106.65063,29.49648,8,4,57.0,13,15,0
145,20371,1,105.72993,29.69101,105.71769,29.6931,8,0,36.0,-1,-1,13
132,50467,1,106.53616,29.45843,106.51961,29.46724,8,2,92.0,17,19,0
127,23009,0,106.57873,29.55048,106.57742,29.55183,8,4,88.0,22,10,5
105,46165,1,106.63504,29.73245,106.61679,29.71658,10,2,1.0,9,0,2
15,9426,1,106.39397,29.79588,106.40033,29.80039,9,3,69.0,3,14,11
160,23933,1,106.50664,29.5878,106.54112,29.59144,14,0,111.0,11,1,4
160,53315,1,106.50667,29.58783,106.52771,29.60053,15,2,36.0,11,1,4
105,25692,14,106.6362,29.73388,106.6555,29.69061,16,0,117.0,9,0,2
107,3145,14,106.55597,29.50946,106.57282,29.49368,13,6,56.0,2,9,10
103,57177,1,106.48624,29.5052,106.47369,29.51015,13,3,18.0,31,3,10
105,44972,1,106.63513,29.73243,106.6116,29.70992,13,6,112.0,9,0,2
107,3413,1,106.55602,29.50944,106.54887,29.51718,14,1,71.0,2,9,10
70,2001,1,106.50895,29.37957,106.54155,29.39708,14,4,48.0,6,4,0
153,53019,1,106.56423,29.67263,106.56713,29.67068,7,6,106.0,1,17,2
105,22188,1,106.63507,29.73243,106.63135,29.75059,14,2,43.0,9,0,2
123,24751,1,106.34027,29.62973,106.31157,29.61342,14,2,62.0,14,18,6
24,15143,14,106.49847,29.63993,106.47605,29.62044,14,5,44.0,32,2,4
141,145,14,106.62133,29.66289,106.58431,29.64695,13,1,72.0,19,8,2
127,21287,14,106.57866,29.55059,106.55209,29.56023,14,3,92.0,22,10,5
103,50677,1,106.48637,29.50525,106.48363,29.49303,13,2,50.0,31,3,10
158,22694,1,106.5213,29.62366,106.51595,29.61474,13,2,40.0,15,11,4
107,39995,1,106.556,29.50933,106.54231,29.52345,14,6,119.0,2,9,10
127,24309,1,106.57865,29.55033,106.54173,29.55795,13,0,61.0,22,10,5
110,56748,1,106.49782,29.57353,106.50152,29.56824,14,3,90.0,37,1,4
132,54045,1,106.53604,29.45845,106.53241,29.45948,8,3,61.0,17,19,0
105,48842,1,106.63618,29.73372,106.64218,29.74012,14,3,90.0,9,0,2
109,50554,14,106.44467,29.60016,106.44481,29.61974,14,1,64.0,25,20,4
148,27036,1,106.45435,29.54908,106.45221,29.52201,14,3,73.0,0,13,10
141,25963,14,106.6212,29.66295,106.61356,29.68744,14,4,43.0,19,8,2
155,59,1,106.55282,29.57851,106.54802,29.58687,15,4,42.0,7,1,5
166,35677,1,106.52746,29.49761,106.52459,29.49597,14,6,27.0,26,7,10
105,8636,1,106.63624,29.7338,106.64886,29.77466,14,5,97.0,9,0,2
133,2722,1,106.51843,29.57815,106.51687,29.56994,14,0,35.0,29,1,4
74,22265,1,106.4816,29.54525,106.46323,29.52018,14,2,70.0,18,5,10
109,5308,1,106.44465,29.60022,106.45224,29.60181,15,0,82.0,25,20,4
132,43862,1,106.5398,29.4575,106.54704,29.42,15,6,28.0,17,19,0
147,934,1,106.60033,29.5804,106.5939,29.58235,16,3,87.0,27,16,5
166,4164,4,106.54373,29.48814,106.5147,29.52326,14,4,94.0,26,7,10
132,2333,1,106.53971,29.45745,106.53455,29.43455,8,3,113.0,17,19,0
110,17150,1,106.49785,29.57346,106.4864,29.59522,14,0,37.0,37,1,4
157,57328,1,106.30215,29.58474,106.3085,29.58047,9,5,60.0,5,6,6
116,50381,1,106.29024,29.59236,106.29073,29.60187,8,0,80.0,5,6,6
132,39216,14,106.53609,29.45845,106.53727,29.45889,14,6,3.0,17,19,0
107,50856,1,106.55608,29.50935,106.54678,29.51109,14,5,29.0,2,9,10
160,3904,1,106.50653,29.58782,106.50432,29.60502,14,5,32.0,11,1,4
133,7967,0,106.51859,29.57821,106.5236,29.58267,8,4,73.0,29,1,4
24,18553,1,106.49851,29.63992,106.49389,29.67966,14,6,109.0,32,2,4
116,45370,1,106.29022,29.59224,106.29013,29.60183,14,6,37.0,5,6,6
103,15278,1,106.48637,29.50512,106.48361,29.50472,14,0,119.0,31,3,10
127,54106,0,106.5787,29.55047,106.57836,29.56096,14,4,106.0,22,10,5
109,24267,4,106.44466,29.60027,106.43654,29.57003,15,4,109.0,25,20,4
110,57825,1,106.49787,29.57353,106.48718,29.58063,14,1,114.0,37,1,4
127,5189,3,106.57872,29.55048,106.54558,29.55787,13,5,35.0,22,10,5
158,42178,1,106.52146,29.62354,106.52302,29.6203,13,3,82.0,15,11,4
107,20201,1,106.55591,29.50943,106.56398,29.51718,15,2,52.0,2,9,10
103,44807,1,106.48621,29.50514,106.47596,29.5019,8,6,85.0,31,3,10
149,30623,1,106.57935,29.53144,106.56998,29.53187,8,1,71.0,35,12,5
139,49545,1,106.64365,29.47369,106.62323,29.47288,14,4,98.0,13,15,0
155,47406,1,106.55274,29.57864,106.54672,29.6011,14,4,28.0,7,1,5
133,48981,14,106.51831,29.5782,106.51196,29.55919,14,5,79.0,29,1,4
141,24956,1,106.62115,29.66299,106.6117,29.6613,9,4,82.0,19,8,2
74,31869,14,106.48166,29.54512,106.49776,29.5413,8,5,75.0,18,5,10
24,15341,14,106.49857,29.63985,106.494,29.65622,13,0,15.0,32,2,4
166,18290,1,106.52759,29.49752,106.51986,29.50957,14,0,86.0,26,7,10
147,19327,1,106.60042,29.5804,106.59981,29.5932,14,1,114.0,27,16,5
158,13204,1,106.52126,29.62353,106.54505,29.62928,13,6,31.0,15,11,4
103,33956,1,106.48627,29.50517,106.49025,29.5092,8,2,118.0,31,3,10
149,30623,1,106.57833,29.52721,106.57006,29.53183,8,5,83.0,35,12,5
139,4718,1,106.64379,29.4737,106.62944,29.48496,8,3,65.0,13,15,0
160,45593,1,106.50664,29.58775,106.51488,29.58687,18,1,1.0,11,1,4
160,48918,1,106.50656,29.58772,106.52298,29.58463,11,1,0.0,11,1,4
103,44807,1,106.48636,29.50525,106.47801,29.50081,14,4,115.0,31,3,10
155,26675,1,106.55279,29.57862,106.55588,29.58436,8,6,19.0,7,1,5
157,49555,1,106.30219,29.5848,106.31169,29.58118,14,1,73.0,5,6,6
160,51703,1,106.50659,29.58773,106.50278,29.5903,9,2,6.0,11,1,4
148,6660,1,106.45434,29.54897,106.44321,29.52697,14,1,27.0,0,13,10
127,24179,14,106.57869,29.55048,106.55455,29.56012,14,2,109.0,22,10,5
70,34317,14,106.50894,29.37944,106.6004,29.38552,8,4,81.0,6,4,0
110,10110,1,106.49777,29.57354,106.48989,29.58913,14,6,106.0,37,1,4
148,55978,1,106.45426,29.54905,106.43985,29.54066,9,1,75.0,0,13,10
139,57790,1,106.64371,29.47389,106.65803,29.49608,14,5,35.0,13,15,0
70,48416,1,106.5276,29.37829,106.54048,29.3982,14,6,74.0,6,4,0
74,24735,1,106.48164,29.54511,106.47072,29.52346,8,1,74.0,18,5,10
142,13999,14,106.45353,29.73588,106.46461,29.70831,7,2,64.0,21,-1,11
103,42353,14,106.48621,29.50519,106.48745,29.49864,13,2,20.0,31,3,10
166,45341,1,106.54389,29.48804,106.52272,29.50825,13,5,55.0,26,7,10
103,48788,1,106.48627,29.50511,106.48651,29.44213,14,1,76.0,20,-1,10
149,39201,1,106.5793,29.53135,106.58018,29.52593,14,1,73.0,35,12,5
155,41876,1,106.55286,29.57861,106.55776,29.57418,14,4,56.0,7,1,5
125,11382,1,105.63178,29.40099,105.62485,29.41393,8,5,50.0,-1,-1,8
130,28473,14,106.5419,29.58532,106.53566,29.5776,15,0,57.0,7,1,5
153,55108,1,106.56426,29.67265,106.56143,29.65241,8,3,71.0,1,17,2
15,8141,1,106.39359,29.79559,106.42316,29.83218,13,2,80.0,3,14,11
149,46985,1,106.57835,29.5272,106.57733,29.51989,15,5,64.0,35,12,5
131,33575,14,106.21012,29.55475,106.23962,29.58422,7,5,114.0,24,-1,6
105,55369,4,106.63617,29.73381,106.59725,29.72649,9,2,30.0,9,0,2
74,27116,1,106.48164,29.54525,106.45531,29.5118,13,1,63.0,18,5,10
155,38030,1,106.55281,29.57869,106.5735,29.58127,9,6,109.0,7,1,5
133,5722,1,106.51852,29.57832,106.51096,29.55739,10,6,118.0,29,1,4
139,22337,1,106.6437,29.47376,106.6427,29.49076,14,5,56.0,13,15,0
15,14884,14,106.39396,29.79575,106.38006,29.79462,15,0,3.0,3,14,11
123,36038,14,106.34027,29.62961,106.34992,29.63345,14,1,102.0,14,18,6
74,35070,1,106.48287,29.54329,106.48718,29.53635,13,2,66.0,18,5,10
133,40053,1,106.51843,29.57821,106.54417,29.5755,8,6,92.0,29,1,4
139,20143,1,106.64364,29.47362,106.66149,29.49879,14,1,48.0,13,15,0
147,6233,1,106.58976,29.58535,106.59572,29.5909,9,1,37.0,27,16,5
153,29396,1,106.56448,29.67277,106.55911,29.63365,14,4,70.0,1,17,2
40,43484,14,106.50121,29.5361,106.52714,29.53845,14,5,117.0,38,5,10
133,48981,14,106.51857,29.57836,106.51243,29.55986,9,5,86.0,29,1,4
153,31882,13,106.56435,29.67275,106.54258,29.64597,8,1,87.0,1,17,2
149,35230,12,106.57826,29.52718,106.57258,29.53097,15,6,82.0,35,12,5
139,18525,14,106.64371,29.47368,106.64031,29.50808,8,5,91.0,13,15,0
123,33047,1,106.34028,29.62964,106.3375,29.62638,8,3,56.0,14,18,6
139,26313,14,106.64361,29.47385,106.66607,29.53796,14,5,75.0,13,15,0
153,35346,1,106.56439,29.67269,106.55342,29.63567,8,3,23.0,1,17,2
103,3590,1,106.48637,29.50519,106.49843,29.51355,13,5,93.0,31,3,10
148,46430,4,106.45424,29.54896,106.46739,29.55833,13,2,80.0,0,13,10
141,15221,1,106.62135,29.66294,106.61722,29.67256,14,5,39.0,19,8,2
24,53382,1,106.4985,29.63981,106.49492,29.67241,13,1,79.0,32,2,4
141,30929,1,106.62139,29.66289,106.59959,29.64993,13,2,65.0,19,8,2
133,35192,1,106.51839,29.57826,106.53905,29.5676,14,1,59.0,29,1,4
15,1314,1,106.39388,29.79581,106.40403,29.78517,13,5,80.0,3,14,11
109,45744,14,106.44479,29.60027,106.44725,29.60335,16,1,2.0,25,20,4
166,34055,1,106.52757,29.4976,106.52155,29.5243,14,5,21.0,26,7,10
166,31496,1,106.54376,29.48819,106.51211,29.50123,15,4,117.0,26,7,10
103,2246,1,106.48637,29.5051,106.47597,29.50511,13,1,51.0,31,3,10
159,31958,1,106.44294,29.43216,106.44844,29.42852,11,1,67.0,23,-1,0
160,55770,14,106.50662,29.58784,106.52964,29.5926,9,5,58.0,11,1,4
127,37417,0,106.5786,29.55032,106.57281,29.56057,8,4,72.0,22,10,5
110,43931,1,106.49779,29.57352,106.45818,29.58876,14,2,59.0,37,1,4
40,19156,1,106.5014,29.53631,106.52434,29.53153,14,4,112.0,38,5,10
148,29304,1,106.4542,29.54828,106.44899,29.55904,16,6,1.0,0,13,10
139,19261,14,106.64363,29.47363,106.68119,29.52196,14,6,60.0,13,15,0
40,8826,1,106.50124,29.53603,106.50284,29.53769,12,1,44.0,38,5,10
107,58013,1,106.55595,29.50939,106.57083,29.50714,17,6,31.0,2,9,10
166,4471,1,106.52742,29.49758,106.51122,29.49941,14,0,94.0,26,7,10
123,52613,14,106.3403,29.62967,106.31346,29.60423,14,5,120.0,14,18,6
123,41667,1,106.34022,29.62965,106.35169,29.62188,14,2,109.0,14,18,6
133,48981,14,106.51835,29.57825,106.51316,29.55952,19,0,97.0,29,1,4
158,50237,1,106.52141,29.62359,106.54708,29.61646,13,3,116.0,15,11,4
132,43862,1,106.53613,29.45843,106.54745,29.42151,13,4,90.0,17,19,0
160,34922,1,106.50665,29.5878,106.53866,29.60004,13,5,117.0,11,1,4
107,27999,1,106.55604,29.50936,106.55948,29.49995,9,6,119.0,2,9,10
74,58708,1,106.48278,29.54314,106.47025,29.51739,8,4,86.0,18,5,10
158,8562,1,106.52134,29.62367,106.52229,29.64429,14,5,78.0,15,11,4
133,25191,7,106.51846,29.57812,106.53323,29.5766,8,3,60.0,29,1,4
74,18024,1,106.48281,29.5432,106.48997,29.53781,13,3,66.0,18,5,10
158,42645,1,106.52126,29.62365,106.51315,29.65085,13,4,109.0,15,11,4
132,19474,14,106.53981,29.45745,106.57037,29.47056,14,6,30.0,17,19,0
149,30234,1,106.57932,29.53133,106.53963,29.52924,15,1,113.0,35,12,5
15,16643,1,106.39341,29.79552,106.41342,29.82184,8,2,42.0,3,14,11
160,16944,1,106.50668,29.58782,106.52781,29.59751,15,6,14.0,11,1,4
110,21757,14,106.49778,29.57355,106.4783,29.58853,14,5,59.0,37,1,4
123,32641,1,106.34022,29.62962,106.31318,29.61026,14,4,76.0,14,18,6
160,56420,1,106.50661,29.58789,106.49775,29.60534,11,5,5.0,11,1,4
133,2722,1,106.51854,29.57825,106.51587,29.56896,14,6,30.0,29,1,4
107,39201,1,106.55586,29.50943,106.5697,29.49155,14,1,112.0,2,9,10
166,39787,1,106.52742,29.49759,106.53041,29.49188,14,0,73.0,26,7,10
158,2646,1,106.5213,29.62363,106.53305,29.64559,13,5,62.0,15,11,4
70,28185,1,106.50907,29.37952,106.5328,29.3778,15,2,40.0,6,4,0
132,16414,14,106.53619,29.45846,106.53974,29.46048,13,6,30.0,17,19,0
103,51992,1,106.4863,29.50516,106.46327,29.48718,15,0,19.0,31,3,10
133,14552,1,106.51835,29.57814,106.51668,29.56191,15,5,112.0,29,1,4
166,51298,14,106.52744,29.49763,106.53983,29.48427,14,5,58.0,26,7,10
149,39201,1,106.57838,29.52711,106.57702,29.52615,14,6,42.0,35,12,5
160,63,0,106.50655,29.58789,106.52109,29.59383,14,3,100.0,11,1,4
105,37001,1,106.63519,29.73254,106.60688,29.70759,8,1,91.0,9,0,2
158,29713,1,106.5214,29.62358,106.54795,29.63768,13,0,80.0,15,11,4
149,14956,1,106.57829,29.52714,106.5793,29.53634,14,0,91.0,35,12,5
153,53019,1,106.56438,29.67265,106.56694,29.66929,14,3,78.0,1,17,2
160,21710,1,106.50657,29.58789,106.51883,29.59388,16,4,0.0,11,1,4
70,38244,14,106.509,29.3795,106.5412,29.41174,14,6,80.0,6,4,0
133,58233,1,106.51841,29.57815,106.52974,29.56805,14,6,86.0,29,1,4
15,7313,15,106.39343,29.79552,106.42292,29.82182,13,3,114.0,3,14,11
160,49177,1,106.50665,29.58781,106.51792,29.59386,8,5,106.0,11,1,4
166,46013,14,106.52746,29.4976,106.51173,29.50483,14,3,94.0,26,7,10
123,37094,1,106.34031,29.62975,106.36713,29.61916,14,5,49.0,14,18,6
141,32304,1,106.6213,29.66289,106.60491,29.68676,15,3,54.0,19,8,2
24,19758,0,106.49854,29.63994,106.50047,29.61791,14,1,103.0,32,2,4
141,23639,1,106.62121,29.66285,106.61297,29.68726,12,1,109.0,19,8,2
153,29396,1,106.5643,29.67278,106.56023,29.63515,14,6,75.0,1,17,2
15,8269,14,106.39344,29.79569,106.4058,29.81017,19,5,104.0,3,14,11
123,4726,4,106.34022,29.6297,106.29469,29.60693,14,5,120.0,14,18,6
160,4030,1,106.50652,29.58788,106.52751,29.58358,16,1,4.0,11,1,4
158,42595,1,106.52127,29.62364,106.54289,29.63099,15,6,56.0,15,11,4
141,22606,0,106.62139,29.66289,106.60142,29.68988,14,6,52.0,19,8,2
48,20430,14,107.06376,29.8311,107.09539,29.94411,6,2,119.0,16,-1,9
149,19597,14,106.57936,29.53135,106.55159,29.5272,16,5,4.0,35,12,5
160,35739,1,106.50652,29.58775,106.51005,29.59152,9,1,74.0,11,1,4
148,30784,3,106.45421,29.54906,106.44077,29.52404,8,4,86.0,0,13,10
70,18823,1,106.5276,29.37836,106.53814,29.39995,14,0,50.0,6,4,0
132,52068,14,106.5398,29.45752,106.50803,29.47067,14,1,90.0,17,19,0
15,59218,1,106.39387,29.79579,106.39398,29.8026,8,6,67.0,3,14,11
135,12448,1,107.74905,30.66356,107.81097,30.67238,9,5,92.0,-1,-1,7
131,34168,14,106.21029,29.55475,106.2634,29.64537,17,2,20.0,24,-1,6
70,46813,1,106.52757,29.37839,106.50241,29.39547,14,3,82.0,6,4,0
103,36864,1,106.48622,29.5052,106.47605,29.49044,13,6,56.0,31,3,10
133,21944,1,106.51855,29.57823,106.52579,29.56851,8,5,24.0,29,1,4
160,40882,1,106.50657,29.5878,106.5384,29.59389,14,2,35.0,11,1,4
147,32460,1,106.60047,29.58049,106.59707,29.59683,12,1,120.0,27,16,5
132,3745,1,106.53613,29.45844,106.51474,29.47194,13,2,105.0,17,19,0
153,40786,1,106.56437,29.67275,106.56144,29.64906,14,3,24.0,1,17,2
139,13553,1,106.64368,29.47371,106.64267,29.52085,14,2,102.0,13,15,0
153,53019,1,106.56435,29.6727,106.5657,29.66968,16,2,11.0,1,17,2
142,4296,1,106.45341,29.73581,106.49868,29.73822,11,1,8.0,21,-1,11
158,2646,1,106.52133,29.62358,106.52894,29.64515,9,3,117.0,15,11,4
74,2738,1,106.48271,29.54318,106.46443,29.51577,14,4,46.0,18,5,10
160,47952,2,106.50661,29.5878,106.51471,29.61159,14,5,114.0,11,1,4
147,16044,1,106.60046,29.58033,106.59815,29.59369,14,0,47.0,27,16,5
127,5439,1,106.57862,29.55038,106.56798,29.55794,17,0,80.0,22,10,5
110,23798,1,106.4979,29.57357,106.47133,29.5953,14,0,103.0,37,1,4
141,5605,14,106.62135,29.66282,106.57373,29.68576,14,4,99.0,19,8,2
103,45741,14,106.48622,29.50529,106.48149,29.44427,8,0,114.0,20,-1,10
158,40803,1,106.52142,29.62359,106.51411,29.64535,15,3,31.0,15,11,4
132,29412,1,106.53983,29.45753,106.53445,29.44924,15,2,14.0,17,19,0
155,38030,1,106.55272,29.57855,106.57362,29.58137,14,2,92.0,7,1,5
15,54260,1,106.39359,29.79563,106.39243,29.78744,13,0,89.0,3,14,11
127,43696,1,106.57855,29.55048,106.56649,29.55976,13,4,84.0,22,10,5
132,49657,1,106.53616,29.45842,106.54833,29.46133,14,0,80.0,17,19,0
132,50955,14,106.53605,29.45842,106.51698,29.44243,14,6,88.0,17,19,0
158,13204,1,106.52148,29.62364,106.54494,29.62919,13,6,108.0,15,11,4
127,25336,14,106.57852,29.55031,106.56211,29.56383,13,5,65.0,22,10,5
127,23987,1,106.5786,29.55038,106.53149,29.5498,14,5,87.0,22,10,5
157,5042,1,106.30212,29.58473,106.30462,29.55561,14,2,1.0,5,6,6
127,15535,14,106.5786,29.55034,106.5479,29.55944,14,6,26.0,22,10,5
166,605,1,106.54389,29.48813,106.5116,29.50362,13,2,112.0,26,7,10
103,54910,1,106.48625,29.50524,106.47481,29.49661,9,6,77.0,31,3,10
107,27999,1,106.55597,29.50937,106.55979,29.50288,12,1,35.0,2,9,10
105,30924,14,106.63513,29.73246,106.6235,29.71748,14,3,56.0,9,0,2
127,14511,14,106.5787,29.55041,106.55217,29.56086,10,4,118.0,22,10,5
15,55452,0,106.39399,29.79579,106.39926,29.80413,13,5,72.0,3,14,11
107,21798,1,106.55591,29.50943,106.5737,29.49731,14,4,78.0,2,9,10
147,46940,14,106.60036,29.5804,106.59183,29.54432,17,2,115.0,27,16,5
110,23798,1,106.4979,29.57353,106.47171,29.59697,16,6,17.0,37,1,4
123,37237,1,106.34034,29.62975,106.33241,29.62454,14,5,111.0,14,18,6
166,52959,1,106.52759,29.49758,106.52549,29.52323,8,0,99.0,26,7,10
15,13975,1,106.39392,29.79587,106.40708,29.79933,8,3,94.0,3,14,11
40,8826,1,106.50125,29.53604,106.5033,29.53831,9,0,6.0,38,5,10
166,51597,1,106.52754,29.49765,106.50483,29.50817,8,4,101.0,26,7,10
132,33793,1,106.53613,29.45832,106.53606,29.46729,8,1,78.0,17,19,0
24,45029,14,106.49851,29.63987,106.48067,29.67616,18,1,3.0,32,2,4
155,14431,1,106.55272,29.57857,106.57453,29.5747,10,6,82.0,7,1,5
24,53502,14,106.49849,29.63995,106.48428,29.65726,13,1,25.0,32,2,4
127,29095,1,106.57863,29.5504,106.58312,29.55677,13,5,52.0,22,10,5
15,37374,1,106.39341,29.79565,106.3935,29.79574,8,4,59.0,3,14,11
158,15074,1,106.52136,29.6236,106.53558,29.64387,13,0,118.0,15,11,4
153,53019,1,106.56433,29.67266,106.56563,29.66946,14,1,18.0,1,17,2
105,34344,2,106.6351,29.73254,106.68354,29.79238,15,3,85.0,9,-1,2
40,30666,1,106.50138,29.53623,106.49727,29.54385,18,6,57.0,38,5,10
152,51724,14,108.38282,31.16369,108.41249,31.1652,8,0,48.0,-1,-1,14
148,1754,1,106.45426,29.54894,106.45217,29.52989,8,6,79.0,0,13,10
110,18368,1,106.49778,29.57354,106.49576,29.56643,14,5,77.0,37,1,4
141,32304,1,106.62134,29.66296,106.60593,29.68967,8,2,91.0,19,8,2
135,724,1,107.74908,30.66365,107.8033,30.6773,12,3,111.0,-1,-1,7
155,14452,1,106.55283,29.57865,106.56828,29.57914,14,6,120.0,7,1,5
139,52770,1,106.64369,29.47374,106.64912,29.49431,8,0,57.0,13,15,0
127,19549,1,106.57862,29.55049,106.58388,29.55515,15,1,57.0,22,10,5
110,34385,1,106.49788,29.57363,106.48929,29.57807,14,2,72.0,37,1,4
40,8826,1,106.50127,29.53612,106.50597,29.53867,14,0,48.0,38,5,10
110,56748,1,106.49785,29.57342,106.50086,29.56859,16,1,102.0,37,1,4
152,50389,7,108.44098,31.17571,108.39542,31.16766,9,6,89.0,-1,-1,14
133,5722,1,106.51856,29.57824,106.50577,29.55999,14,6,35.0,29,1,4
133,12339,14,106.51849,29.57826,106.50691,29.57724,14,0,81.0,29,1,4
153,56689,14,106.56436,29.67269,106.56974,29.63209,14,0,117.0,1,17,2
163,43414,14,108.46678,30.77496,108.42368,30.77779,8,2,52.0,-1,-1,3
123,776,14,106.34035,29.62967,106.33802,29.61911,10,2,48.0,14,18,6
103,44911,1,106.48639,29.50524,106.49104,29.50642,9,4,68.0,31,3,10
123,56670,1,106.34024,29.62963,106.30948,29.61404,8,2,69.0,14,18,6
107,51621,1,106.55606,29.50942,106.55601,29.50322,8,6,53.0,2,9,10
153,29897,1,106.56425,29.67271,106.56112,29.64293,14,1,43.0,1,17,2
104,2868,4,106.25796,29.97698,106.23984,30.00172,10,3,112.0,10,21,12
155,7784,1,106.55275,29.57866,106.56266,29.57286,16,2,106.0,7,1,5
139,22337,1,106.64366,29.4737,106.64271,29.49125,14,3,56.0,13,15,0
141,27407,14,106.62132,29.66291,106.6294,29.67399,17,1,57.0,19,8,2
123,13619,1,106.34025,29.62962,106.32206,29.60979,14,6,120.0,14,18,6
15,30167,1,106.39344,29.79555,106.40449,29.78837,13,4,89.0,3,14,11
40,34200,1,106.50127,29.53612,106.53624,29.54407,7,2,117.0,38,5,10
127,32399,0,106.57861,29.55045,106.55297,29.55128,19,1,39.0,22,10,5
123,37094,1,106.3403,29.62968,106.3628,29.61651,14,5,33.0,14,18,6
40,8826,1,106.50126,29.5361,106.50533,29.53773,12,5,63.0,38,5,10
40,34200,1,106.50135,29.53627,106.53655,29.54571,14,5,55.0,38,5,10
130,31265,1,106.54197,29.58521,106.54586,29.5831,9,6,24.0,7,1,5
40,17970,1,106.50115,29.53606,106.5069,29.5409,14,5,43.0,38,5,10
147,31071,14,106.60047,29.5804,106.56398,29.60571,16,4,44.0,27,16,5
160,36227,1,106.50653,29.58789,106.52055,29.58684,15,1,3.0,11,1,4
107,22156,1,106.55603,29.50945,106.56377,29.49006,12,0,93.0,2,9,10
155,39860,1,106.55275,29.57853,106.57198,29.59892,8,0,79.0,7,1,5
133,13132,14,106.51837,29.57827,106.51016,29.56047,14,1,69.0,29,1,4
160,52538,14,106.50655,29.5878,106.51934,29.58554,9,6,119.0,11,1,4
158,4261,14,106.52145,29.62354,106.5165,29.63843,13,3,98.0,15,11,4
153,30487,1,106.56445,29.67274,106.57518,29.63155,14,4,70.0,1,17,2
158,30571,1,106.5213,29.62352,106.54324,29.64314,14,6,60.0,15,11,4
144,32546,14,106.6887,29.04359,106.63812,29.03697,14,5,112.0,12,-1,1
158,55400,1,106.52149,29.62362,106.52431,29.63758,11,0,91.0,15,11,4
107,27809,1,106.55604,29.50933,106.57111,29.49784,9,0,49.0,2,9,10
127,1600,14,106.57863,29.55032,106.54312,29.55734,15,6,96.0,22,10,5
149,42274,1,106.57829,29.52718,106.57152,29.52941,14,6,85.0,35,12,5
132,45269,14,106.53985,29.45753,106.55344,29.44812,14,5,23.0,17,19,0
160,27721,1,106.50656,29.58787,106.52649,29.60497,16,0,72.0,11,1,4
123,51876,1,106.34036,29.62969,106.32276,29.60064,10,4,50.0,14,18,6
149,32932,14,106.57939,29.53132,106.56855,29.53966,9,5,46.0,35,12,5
132,30563,1,106.53972,29.45758,106.54558,29.44752,14,2,61.0,17,19,0
132,33219,1,106.53614,29.45841,106.54189,29.43611,13,4,68.0,17,19,0
158,42595,1,106.52139,29.62363,106.54353,29.63064,8,6,96.0,15,11,4
131,59838,14,106.21019,29.55466,106.23163,29.4678,12,4,42.0,24,-1,6
166,42418,14,106.5275,29.49755,106.53894,29.49302,8,4,26.0,26,7,10
160,8335,1,106.50661,29.58774,106.51867,29.58744,8,1,73.0,11,1,4
147,19781,14,106.60032,29.58043,106.58976,29.57905,19,0,29.0,27,16,5
133,11174,1,106.51835,29.57829,106.50085,29.57732,13,4,51.0,29,1,4
40,55536,4,106.50144,29.53638,106.50513,29.53599,18,3,30.0,38,5,10
123,40218,14,106.34028,29.62962,106.34187,29.61012,14,0,47.0,14,18,6
116,43167,7,106.29021,29.5923,106.29286,29.60667,14,0,83.0,5,6,6
70,48949,14,106.50598,29.37927,106.50213,29.39443,14,4,93.0,6,4,0
130,38393,1,106.54194,29.58538,106.55283,29.59476,14,1,112.0,7,1,5
24,19084,1,106.49847,29.63983,106.49751,29.63518,9,3,31.0,32,2,4
40,8826,1,106.50145,29.53635,106.50342,29.53864,14,0,55.0,38,5,10
160,57208,14,106.50666,29.58774,106.53025,29.60689,15,1,83.0,11,1,4
160,23933,1,106.50664,29.5878,106.53918,29.59222,8,1,114.0,11,1,4
153,52285,1,106.56437,29.67262,106.57018,29.64292,13,6,24.0,1,17,2
10,12414,14,108.71816,30.95595,108.70587,30.94047,10,2,80.0,-1,-1,3
40,29586,0,106.50128,29.53612,106.52941,29.54533,7,3,63.0,38,5,10
15,41605,1,106.3939,29.79575,106.40234,29.81596,13,2,109.0,3,14,11
70,35717,14,106.50907,29.37947,106.53123,29.36067,14,1,87.0,6,4,0
166,35581,6,106.52747,29.49761,106.51657,29.50937,14,1,29.0,26,7,10
139,18525,14,106.64365,29.4737,106.63915,29.50727,14,4,31.0,13,15,0
24,45111,14,106.49858,29.63994,106.49619,29.63634,14,1,26.0,32,2,4
105,23756,14,106.6362,29.73371,106.64641,29.77189,14,4,107.0,9,0,2
105,14217,1,106.63518,29.7325,106.63247,29.73395,14,3,38.0,9,0,2
166,17606,1,106.52748,29.49751,106.53949,29.49238,20,4,28.0,26,7,10
141,23865,4,106.62135,29.6629,106.61461,29.69557,9,1,90.0,19,8,2
110,26978,14,106.49793,29.57366,106.48351,29.57236,8,3,95.0,37,1,4
139,34807,1,106.64364,29.47377,106.66122,29.49284,14,3,49.0,13,15,0
160,53315,1,106.50651,29.58777,106.52712,29.60062,13,0,97.0,11,1,4
